#{"t_start": 0, "env_id": 0}
r,l,t
-1463.311675,15.000000000000325,21.492424
-1591.011162,15.000000000000325,44.79444
-5366.09866,15.000000000000325,94.195518
